{"cameraMode":{"drawMode":0,"name":"Shaded","section":"Shading Mode"},"sceneLighting":false,"audioPlay":false,"sceneViewState":{"m_AlwaysRefresh":false,"showFog":true,"showSkybox":false,"showFlares":true,"showImageEffects":true,"showParticleSystems":true,"showVisualEffectGraphs":true,"m_FxEnabled":true},"in2DMode":false,"pivot":{"x":0.6822150349617004,"y":0.9494143724441528,"z":-3.386209011077881},"rotation":{"x":-0.017436465248465539,"y":-0.904771625995636,"z":0.03720536082983017,"w":-0.42402389645576479},"size":1.7280775308609009,"orthographic":false}